Workbook

Sheet Rekap Invoice
A1: Rekap Invoice Armada Shuttle — Periode: 2026-09-01 s/d 2026-09-02
A3: Tanggal | B3: Antar Masuk | C3: Antar Pulang | D3: Rit | E3: Rute | F3: Jenis Kendaraan | G3: Rute & Jenis Kendaraan | H3: Nama Karyawan | I3: Jumlah Karyawan | J3: Keterangan | K3: Harga
A4: 01/09/2026 | B4: 05:30 | C4: 16:30 | D4: 1 | E4: Cikampek | F4: Elf Short | G4: Cikampek - Elf Short | H4: Fitria Ulfah Miftahul, Cahya Al Buchori, Rizki Ramdani, Muhammad Rangga Priambudi, Deden Abi Nugroho, Siti Nur Rohmah, Sigit Setiawan, Rahmat Yusup Firdaus, Ariya | I4: =COUNTA(_xlfn.TEXTSPLIT(H4, ",")) -> 9 | J4: Sewa Vendor | K4: 738703
A5: 01/09/2026 | B5: 05:30 | C5: 16:30 | D5: 1 | E5: Karawang Barat | F5: Elf Short | G5: Karawang Barat - Elf Short | H5: Tri Wahyuningsih, Rahma Hilal Fauziyyah, Muhammad Rizki, Melissa Devi, Budi Purwoko Santoso, Zaenal Arifin, Kiki Koriah, Neneng Kholisoh, Putri Yuli Setiawati, Nina Yuliana | I5: =COUNTA(_xlfn.TEXTSPLIT(H5, ",")) -> 10 | J5: Sewa Vendor | K5: 708429
A6: 01/09/2026 | B6: 05:30 | C6: 16:30 | D6: 1 | E6: Karawang Timur | F6: Elf Short | G6: Karawang Timur - Elf Short | H6: Siti Wahidah, Dini Apriyani, Komariah, Riska Amelia, Ria Reva Destriana, Euis Komalasari, Sahril, Novi Jesika Putri, Lilik Suharti, Cucu Sutiawati | I6: =COUNTA(_xlfn.TEXTSPLIT(H6, ",")) -> 10 | J6: Sewa Vendor | K6: 740565
A7: 02/09/2026 | B7: 05:30 | C7: 16:30 | D7: 1 | E7: Cikampek | F7: Elf Short | G7: Cikampek - Elf Short | H7: Ariya, Sigit Setiawan, Rizki Ramdani, Deden Abi Nugroho, Fitria Ulfah Miftahul, Muhammad Rangga Priambudi, Cahya Al Buchori, Siti Nur Rohmah | I7: =COUNTA(_xlfn.TEXTSPLIT(H7, ",")) -> 8 | J7: Sewa Vendor | K7: 738703
A8: 02/09/2026 | B8: 05:30 | C8: 16:30 | D8: 1 | E8: Karawang Barat | F8: Elf Short | G8: Karawang Barat - Elf Short | H8: Nina Yuliana, Putri Yuli Setiawati, Budi Purwoko Santoso, Neneng Kholisoh, Muhammad Rizki, Kiki Koriah, Tri Wahyuningsih, Rahma Hilal Fauziyyah, Melissa Devi | I8: =COUNTA(_xlfn.TEXTSPLIT(H8, ",")) -> 9 | J8: Sewa Vendor | K8: 708429
A9: 02/09/2026 | B9: 05:30 | C9: 16:30 | D9: 1 | E9: Karawang Timur | F9: Elf Short | G9: Karawang Timur - Elf Short | H9: Novi Jesika Putri, Riska Amelia, Lilik Suharti, Komariah, Euis Komalasari, Cucu Sutiawati, Siti Wahidah, Ria Reva Destriana | I9: =COUNTA(_xlfn.TEXTSPLIT(H9, ",")) -> 8 | J9: Sewa Vendor | K9: 740565

Sheet Rekap Per Rute
A1: PT. SAKAE RIKEN INDONESIA
A2: REKAPAN PENGGUNAAN MOBIL KFH REGULER AGUSTUS 2026 VIA NON TOLL
A3: 07:30 - 16:30 (HARI KERJA)
A5: TANGGAL | B5: RUTE
B6: Karawang Barat - Avanza | C6: Karawang Barat - Elf Short | D6: Karawang Timur - Avanza | E6: Karawang Timur - Elf Short | F6: Karawang Timur - Elf Long | G6: Cikampek - Avanza | H6: Cikampek - Elf Short | I6: Cikampek - Elf Long
A7: 46266 | B7: =COUNTIFS('Rekap Invoice'!$G$4:$G$1500, 'Rekap Per Rute'!B$6, 'Rekap Invoice'!$A$4:$A$1500, 'Rekap Per Rute'!$A7) -> 0 | C7: =COUNTIFS('Rekap Invoice'!$G$4:$G$1500, 'Rekap Per Rute'!C$6, 'Rekap Invoice'!$A$4:$A$1500, 'Rekap Per Rute'!$A7) -> 1 | D7: =COUNTIFS('Rekap Invoice'!$G$4:$G$1500, 'Rekap Per Rute'!D$6, 'Rekap Invoice'!$A$4:$A$1500, 'Rekap Per Rute'!$A7) -> 0 | E7: =COUNTIFS('Rekap Invoice'!$G$4:$G$1500, 'Rekap Per Rute'!E$6, 'Rekap Invoice'!$A$4:$A$1500, 'Rekap Per Rute'!$A7) -> 1 | F7: =COUNTIFS('Rekap Invoice'!$G$4:$G$1500, 'Rekap Per Rute'!F$6, 'Rekap Invoice'!$A$4:$A$1500, 'Rekap Per Rute'!$A7) -> 0 | G7: =COUNTIFS('Rekap Invoice'!$G$4:$G$1500, 'Rekap Per Rute'!G$6, 'Rekap Invoice'!$A$4:$A$1500, 'Rekap Per Rute'!$A7) -> 0 | H7: =COUNTIFS('Rekap Invoice'!$G$4:$G$1500, 'Rekap Per Rute'!H$6, 'Rekap Invoice'!$A$4:$A$1500, 'Rekap Per Rute'!$A7) -> 1 | I7: =COUNTIFS('Rekap Invoice'!$G$4:$G$1500, 'Rekap Per Rute'!I$6, 'Rekap Invoice'!$A$4:$A$1500, 'Rekap Per Rute'!$A7) -> 0
A8: 46267 | B8: =COUNTIFS('Rekap Invoice'!$G$4:$G$1500, 'Rekap Per Rute'!B$6, 'Rekap Invoice'!$A$4:$A$1500, 'Rekap Per Rute'!$A8) -> 0 | C8: =COUNTIFS('Rekap Invoice'!$G$4:$G$1500, 'Rekap Per Rute'!C$6, 'Rekap Invoice'!$A$4:$A$1500, 'Rekap Per Rute'!$A8) -> 1 | D8: =COUNTIFS('Rekap Invoice'!$G$4:$G$1500, 'Rekap Per Rute'!D$6, 'Rekap Invoice'!$A$4:$A$1500, 'Rekap Per Rute'!$A8) -> 0 | E8: =COUNTIFS('Rekap Invoice'!$G$4:$G$1500, 'Rekap Per Rute'!E$6, 'Rekap Invoice'!$A$4:$A$1500, 'Rekap Per Rute'!$A8) -> 1 | F8: =COUNTIFS('Rekap Invoice'!$G$4:$G$1500, 'Rekap Per Rute'!F$6, 'Rekap Invoice'!$A$4:$A$1500, 'Rekap Per Rute'!$A8) -> 0 | G8: =COUNTIFS('Rekap Invoice'!$G$4:$G$1500, 'Rekap Per Rute'!G$6, 'Rekap Invoice'!$A$4:$A$1500, 'Rekap Per Rute'!$A8) -> 0 | H8: =COUNTIFS('Rekap Invoice'!$G$4:$G$1500, 'Rekap Per Rute'!H$6, 'Rekap Invoice'!$A$4:$A$1500, 'Rekap Per Rute'!$A8) -> 1 | I8: =COUNTIFS('Rekap Invoice'!$G$4:$G$1500, 'Rekap Per Rute'!I$6, 'Rekap Invoice'!$A$4:$A$1500, 'Rekap Per Rute'!$A8) -> 0
A9: 46268 | B9: =COUNTIFS('Rekap Invoice'!$G$4:$G$1500, 'Rekap Per Rute'!B$6, 'Rekap Invoice'!$A$4:$A$1500, 'Rekap Per Rute'!$A9) -> 0 | C9: =COUNTIFS('Rekap Invoice'!$G$4:$G$1500, 'Rekap Per Rute'!C$6, 'Rekap Invoice'!$A$4:$A$1500, 'Rekap Per Rute'!$A9) -> 0 | D9: =COUNTIFS('Rekap Invoice'!$G$4:$G$1500, 'Rekap Per Rute'!D$6, 'Rekap Invoice'!$A$4:$A$1500, 'Rekap Per Rute'!$A9) -> 0 | E9: =COUNTIFS('Rekap Invoice'!$G$4:$G$1500, 'Rekap Per Rute'!E$6, 'Rekap Invoice'!$A$4:$A$1500, 'Rekap Per Rute'!$A9) -> 0 | F9: =COUNTIFS('Rekap Invoice'!$G$4:$G$1500, 'Rekap Per Rute'!F$6, 'Rekap Invoice'!$A$4:$A$1500, 'Rekap Per Rute'!$A9) -> 0 | G9: =COUNTIFS('Rekap Invoice'!$G$4:$G$1500, 'Rekap Per Rute'!G$6, 'Rekap Invoice'!$A$4:$A$1500, 'Rekap Per Rute'!$A9) -> 0 | H9: =COUNTIFS('Rekap Invoice'!$G$4:$G$1500, 'Rekap Per Rute'!H$6, 'Rekap Invoice'!$A$4:$A$1500, 'Rekap Per Rute'!$A9) -> 0 | I9: =COUNTIFS('Rekap Invoice'!$G$4:$G$1500, 'Rekap Per Rute'!I$6, 'Rekap Invoice'!$A$4:$A$1500, 'Rekap Per Rute'!$A9) -> 0
A10: 46269 | B10: =COUNTIFS('Rekap Invoice'!$G$4:$G$1500, 'Rekap Per Rute'!B$6, 'Rekap Invoice'!$A$4:$A$1500, 'Rekap Per Rute'!$A10) -> 0 | C10: =COUNTIFS('Rekap Invoice'!$G$4:$G$1500, 'Rekap Per Rute'!C$6, 'Rekap Invoice'!$A$4:$A$1500, 'Rekap Per Rute'!$A10) -> 0 | D10: =COUNTIFS('Rekap Invoice'!$G$4:$G$1500, 'Rekap Per Rute'!D$6, 'Rekap Invoice'!$A$4:$A$1500, 'Rekap Per Rute'!$A10) -> 0 | E10: =COUNTIFS('Rekap Invoice'!$G$4:$G$1500, 'Rekap Per Rute'!E$6, 'Rekap Invoice'!$A$4:$A$1500, 'Rekap Per Rute'!$A10) -> 0 | F10: =COUNTIFS('Rekap Invoice'!$G$4:$G$1500, 'Rekap Per Rute'!F$6, 'Rekap Invoice'!$A$4:$A$1500, 'Rekap Per Rute'!$A10) -> 0 | G10: =COUNTIFS('Rekap Invoice'!$G$4:$G$1500, 'Rekap Per Rute'!G$6, 'Rekap Invoice'!$A$4:$A$1500, 'Rekap Per Rute'!$A10) -> 0 | H10: =COUNTIFS('Rekap Invoice'!$G$4:$G$1500, 'Rekap Per Rute'!H$6, 'Rekap Invoice'!$A$4:$A$1500, 'Rekap Per Rute'!$A10) -> 0 | I10: =COUNTIFS('Rekap Invoice'!$G$4:$G$1500, 'Rekap Per Rute'!I$6, 'Rekap Invoice'!$A$4:$A$1500, 'Rekap Per Rute'!$A10) -> 0
A11: 46270 | B11: =COUNTIFS('Rekap Invoice'!$G$4:$G$1500, 'Rekap Per Rute'!B$6, 'Rekap Invoice'!$A$4:$A$1500, 'Rekap Per Rute'!$A11) -> 0 | C11: =COUNTIFS('Rekap Invoice'!$G$4:$G$1500, 'Rekap Per Rute'!C$6, 'Rekap Invoice'!$A$4:$A$1500, 'Rekap Per Rute'!$A11) -> 0 | D11: =COUNTIFS('Rekap Invoice'!$G$4:$G$1500, 'Rekap Per Rute'!D$6, 'Rekap Invoice'!$A$4:$A$1500, 'Rekap Per Rute'!$A11) -> 0 | E11: =COUNTIFS('Rekap Invoice'!$G$4:$G$1500, 'Rekap Per Rute'!E$6, 'Rekap Invoice'!$A$4:$A$1500, 'Rekap Per Rute'!$A11) -> 0 | F11: =COUNTIFS('Rekap Invoice'!$G$4:$G$1500, 'Rekap Per Rute'!F$6, 'Rekap Invoice'!$A$4:$A$1500, 'Rekap Per Rute'!$A11) -> 0 | G11: =COUNTIFS('Rekap Invoice'!$G$4:$G$1500, 'Rekap Per Rute'!G$6, 'Rekap Invoice'!$A$4:$A$1500, 'Rekap Per Rute'!$A11) -> 0 | H11: =COUNTIFS('Rekap Invoice'!$G$4:$G$1500, 'Rekap Per Rute'!H$6, 'Rekap Invoice'!$A$4:$A$1500, 'Rekap Per Rute'!$A11) -> 0 | I11: =COUNTIFS('Rekap Invoice'!$G$4:$G$1500, 'Rekap Per Rute'!I$6, 'Rekap Invoice'!$A$4:$A$1500, 'Rekap Per Rute'!$A11) -> 0
A12: 46271 | B12: =COUNTIFS('Rekap Invoice'!$G$4:$G$1500, 'Rekap Per Rute'!B$6, 'Rekap Invoice'!$A$4:$A$1500, 'Rekap Per Rute'!$A12) -> 0 | C12: =COUNTIFS('Rekap Invoice'!$G$4:$G$1500, 'Rekap Per Rute'!C$6, 'Rekap Invoice'!$A$4:$A$1500, 'Rekap Per Rute'!$A12) -> 0 | D12: =COUNTIFS('Rekap Invoice'!$G$4:$G$1500, 'Rekap Per Rute'!D$6, 'Rekap Invoice'!$A$4:$A$1500, 'Rekap Per Rute'!$A12) -> 0 | E12: =COUNTIFS('Rekap Invoice'!$G$4:$G$1500, 'Rekap Per Rute'!E$6, 'Rekap Invoice'!$A$4:$A$1500, 'Rekap Per Rute'!$A12) -> 0 | F12: =COUNTIFS('Rekap Invoice'!$G$4:$G$1500, 'Rekap Per Rute'!F$6, 'Rekap Invoice'!$A$4:$A$1500, 'Rekap Per Rute'!$A12) -> 0 | G12: =COUNTIFS('Rekap Invoice'!$G$4:$G$1500, 'Rekap Per Rute'!G$6, 'Rekap Invoice'!$A$4:$A$1500, 'Rekap Per Rute'!$A12) -> 0 | H12: =COUNTIFS('Rekap Invoice'!$G$4:$G$1500, 'Rekap Per Rute'!H$6, 'Rekap Invoice'!$A$4:$A$1500, 'Rekap Per Rute'!$A12) -> 0 | I12: =COUNTIFS('Rekap Invoice'!$G$4:$G$1500, 'Rekap Per Rute'!I$6, 'Rekap Invoice'!$A$4:$A$1500, 'Rekap Per Rute'!$A12) -> 0
A13: 46272 | B13: =COUNTIFS('Rekap Invoice'!$G$4:$G$1500, 'Rekap Per Rute'!B$6, 'Rekap Invoice'!$A$4:$A$1500, 'Rekap Per Rute'!$A13) -> 0 | C13: =COUNTIFS('Rekap Invoice'!$G$4:$G$1500, 'Rekap Per Rute'!C$6, 'Rekap Invoice'!$A$4:$A$1500, 'Rekap Per Rute'!$A13) -> 0 | D13: =COUNTIFS('Rekap Invoice'!$G$4:$G$1500, 'Rekap Per Rute'!D$6, 'Rekap Invoice'!$A$4:$A$1500, 'Rekap Per Rute'!$A13) -> 0 | E13: =COUNTIFS('Rekap Invoice'!$G$4:$G$1500, 'Rekap Per Rute'!E$6, 'Rekap Invoice'!$A$4:$A$1500, 'Rekap Per Rute'!$A13) -> 0 | F13: =COUNTIFS('Rekap Invoice'!$G$4:$G$1500, 'Rekap Per Rute'!F$6, 'Rekap Invoice'!$A$4:$A$1500, 'Rekap Per Rute'!$A13) -> 0 | G13: =COUNTIFS('Rekap Invoice'!$G$4:$G$1500, 'Rekap Per Rute'!G$6, 'Rekap Invoice'!$A$4:$A$1500, 'Rekap Per Rute'!$A13) -> 0 | H13: =COUNTIFS('Rekap Invoice'!$G$4:$G$1500, 'Rekap Per Rute'!H$6, 'Rekap Invoice'!$A$4:$A$1500, 'Rekap Per Rute'!$A13) -> 0 | I13: =COUNTIFS('Rekap Invoice'!$G$4:$G$1500, 'Rekap Per Rute'!I$6, 'Rekap Invoice'!$A$4:$A$1500, 'Rekap Per Rute'!$A13) -> 0
A14: 46273 | B14: =COUNTIFS('Rekap Invoice'!$G$4:$G$1500, 'Rekap Per Rute'!B$6, 'Rekap Invoice'!$A$4:$A$1500, 'Rekap Per Rute'!$A14) -> 0 | C14: =COUNTIFS('Rekap Invoice'!$G$4:$G$1500, 'Rekap Per Rute'!C$6, 'Rekap Invoice'!$A$4:$A$1500, 'Rekap Per Rute'!$A14) -> 0 | D14: =COUNTIFS('Rekap Invoice'!$G$4:$G$1500, 'Rekap Per Rute'!D$6, 'Rekap Invoice'!$A$4:$A$1500, 'Rekap Per Rute'!$A14) -> 0 | E14: =COUNTIFS('Rekap Invoice'!$G$4:$G$1500, 'Rekap Per Rute'!E$6, 'Rekap Invoice'!$A$4:$A$1500, 'Rekap Per Rute'!$A14) -> 0 | F14: =COUNTIFS('Rekap Invoice'!$G$4:$G$1500, 'Rekap Per Rute'!F$6, 'Rekap Invoice'!$A$4:$A$1500, 'Rekap Per Rute'!$A14) -> 0 | G14: =COUNTIFS('Rekap Invoice'!$G$4:$G$1500, 'Rekap Per Rute'!G$6, 'Rekap Invoice'!$A$4:$A$1500, 'Rekap Per Rute'!$A14) -> 0 | H14: =COUNTIFS('Rekap Invoice'!$G$4:$G$1500, 'Rekap Per Rute'!H$6, 'Rekap Invoice'!$A$4:$A$1500, 'Rekap Per Rute'!$A14) -> 0 | I14: =COUNTIFS('Rekap Invoice'!$G$4:$G$1500, 'Rekap Per Rute'!I$6, 'Rekap Invoice'!$A$4:$A$1500, 'Rekap Per Rute'!$A14) -> 0
A15: 46274 | B15: =COUNTIFS('Rekap Invoice'!$G$4:$G$1500, 'Rekap Per Rute'!B$6, 'Rekap Invoice'!$A$4:$A$1500, 'Rekap Per Rute'!$A15) -> 0 | C15: =COUNTIFS('Rekap Invoice'!$G$4:$G$1500, 'Rekap Per Rute'!C$6, 'Rekap Invoice'!$A$4:$A$1500, 'Rekap Per Rute'!$A15) -> 0 | D15: =COUNTIFS('Rekap Invoice'!$G$4:$G$1500, 'Rekap Per Rute'!D$6, 'Rekap Invoice'!$A$4:$A$1500, 'Rekap Per Rute'!$A15) -> 0 | E15: =COUNTIFS('Rekap Invoice'!$G$4:$G$1500, 'Rekap Per Rute'!E$6, 'Rekap Invoice'!$A$4:$A$1500, 'Rekap Per Rute'!$A15) -> 0 | F15: =COUNTIFS('Rekap Invoice'!$G$4:$G$1500, 'Rekap Per Rute'!F$6, 'Rekap Invoice'!$A$4:$A$1500, 'Rekap Per Rute'!$A15) -> 0 | G15: =COUNTIFS('Rekap Invoice'!$G$4:$G$1500, 'Rekap Per Rute'!G$6, 'Rekap Invoice'!$A$4:$A$1500, 'Rekap Per Rute'!$A15) -> 0 | H15: =COUNTIFS('Rekap Invoice'!$G$4:$G$1500, 'Rekap Per Rute'!H$6, 'Rekap Invoice'!$A$4:$A$1500, 'Rekap Per Rute'!$A15) -> 0 | I15: =COUNTIFS('Rekap Invoice'!$G$4:$G$1500, 'Rekap Per Rute'!I$6, 'Rekap Invoice'!$A$4:$A$1500, 'Rekap Per Rute'!$A15) -> 0
A16: 46275 | B16: =COUNTIFS('Rekap Invoice'!$G$4:$G$1500, 'Rekap Per Rute'!B$6, 'Rekap Invoice'!$A$4:$A$1500, 'Rekap Per Rute'!$A16) -> 0 | C16: =COUNTIFS('Rekap Invoice'!$G$4:$G$1500, 'Rekap Per Rute'!C$6, 'Rekap Invoice'!$A$4:$A$1500, 'Rekap Per Rute'!$A16) -> 0 | D16: =COUNTIFS('Rekap Invoice'!$G$4:$G$1500, 'Rekap Per Rute'!D$6, 'Rekap Invoice'!$A$4:$A$1500, 'Rekap Per Rute'!$A16) -> 0 | E16: =COUNTIFS('Rekap Invoice'!$G$4:$G$1500, 'Rekap Per Rute'!E$6, 'Rekap Invoice'!$A$4:$A$1500, 'Rekap Per Rute'!$A16) -> 0 | F16: =COUNTIFS('Rekap Invoice'!$G$4:$G$1500, 'Rekap Per Rute'!F$6, 'Rekap Invoice'!$A$4:$A$1500, 'Rekap Per Rute'!$A16) -> 0 | G16: =COUNTIFS('Rekap Invoice'!$G$4:$G$1500, 'Rekap Per Rute'!G$6, 'Rekap Invoice'!$A$4:$A$1500, 'Rekap Per Rute'!$A16) -> 0 | H16: =COUNTIFS('Rekap Invoice'!$G$4:$G$1500, 'Rekap Per Rute'!H$6, 'Rekap Invoice'!$A$4:$A$1500, 'Rekap Per Rute'!$A16) -> 0 | I16: =COUNTIFS('Rekap Invoice'!$G$4:$G$1500, 'Rekap Per Rute'!I$6, 'Rekap Invoice'!$A$4:$A$1500, 'Rekap Per Rute'!$A16) -> 0
A17: 46276 | B17: =COUNTIFS('Rekap Invoice'!$G$4:$G$1500, 'Rekap Per Rute'!B$6, 'Rekap Invoice'!$A$4:$A$1500, 'Rekap Per Rute'!$A17) -> 0 | C17: =COUNTIFS('Rekap Invoice'!$G$4:$G$1500, 'Rekap Per Rute'!C$6, 'Rekap Invoice'!$A$4:$A$1500, 'Rekap Per Rute'!$A17) -> 0 | D17: =COUNTIFS('Rekap Invoice'!$G$4:$G$1500, 'Rekap Per Rute'!D$6, 'Rekap Invoice'!$A$4:$A$1500, 'Rekap Per Rute'!$A17) -> 0 | E17: =COUNTIFS('Rekap Invoice'!$G$4:$G$1500, 'Rekap Per Rute'!E$6, 'Rekap Invoice'!$A$4:$A$1500, 'Rekap Per Rute'!$A17) -> 0 | F17: =COUNTIFS('Rekap Invoice'!$G$4:$G$1500, 'Rekap Per Rute'!F$6, 'Rekap Invoice'!$A$4:$A$1500, 'Rekap Per Rute'!$A17) -> 0 | G17: =COUNTIFS('Rekap Invoice'!$G$4:$G$1500, 'Rekap Per Rute'!G$6, 'Rekap Invoice'!$A$4:$A$1500, 'Rekap Per Rute'!$A17) -> 0 | H17: =COUNTIFS('Rekap Invoice'!$G$4:$G$1500, 'Rekap Per Rute'!H$6, 'Rekap Invoice'!$A$4:$A$1500, 'Rekap Per Rute'!$A17) -> 0 | I17: =COUNTIFS('Rekap Invoice'!$G$4:$G$1500, 'Rekap Per Rute'!I$6, 'Rekap Invoice'!$A$4:$A$1500, 'Rekap Per Rute'!$A17) -> 0
A18: 46277 | B18: =COUNTIFS('Rekap Invoice'!$G$4:$G$1500, 'Rekap Per Rute'!B$6, 'Rekap Invoice'!$A$4:$A$1500, 'Rekap Per Rute'!$A18) -> 0 | C18: =COUNTIFS('Rekap Invoice'!$G$4:$G$1500, 'Rekap Per Rute'!C$6, 'Rekap Invoice'!$A$4:$A$1500, 'Rekap Per Rute'!$A18) -> 0 | D18: =COUNTIFS('Rekap Invoice'!$G$4:$G$1500, 'Rekap Per Rute'!D$6, 'Rekap Invoice'!$A$4:$A$1500, 'Rekap Per Rute'!$A18) -> 0 | E18: =COUNTIFS('Rekap Invoice'!$G$4:$G$1500, 'Rekap Per Rute'!E$6, 'Rekap Invoice'!$A$4:$A$1500, 'Rekap Per Rute'!$A18) -> 0 | F18: =COUNTIFS('Rekap Invoice'!$G$4:$G$1500, 'Rekap Per Rute'!F$6, 'Rekap Invoice'!$A$4:$A$1500, 'Rekap Per Rute'!$A18) -> 0 | G18: =COUNTIFS('Rekap Invoice'!$G$4:$G$1500, 'Rekap Per Rute'!G$6, 'Rekap Invoice'!$A$4:$A$1500, 'Rekap Per Rute'!$A18) -> 0 | H18: =COUNTIFS('Rekap Invoice'!$G$4:$G$1500, 'Rekap Per Rute'!H$6, 'Rekap Invoice'!$A$4:$A$1500, 'Rekap Per Rute'!$A18) -> 0 | I18: =COUNTIFS('Rekap Invoice'!$G$4:$G$1500, 'Rekap Per Rute'!I$6, 'Rekap Invoice'!$A$4:$A$1500, 'Rekap Per Rute'!$A18) -> 0
... A37: 46296 | B37: =COUNTIFS('Rekap Invoice'!$G$4:$G$1500, 'Rekap Per Rute'!B$6, 'Rekap Invoice'!$A$4:$A$1500, 'Rekap Per Rute'!$A37) -> 0 | C37: =COUNTIFS('Rekap Invoice'!$G$4:$G$1500, 'Rekap Per Rute'!C$6, 'Rekap Invoice'!$A$4:$A$1500, 'Rekap Per Rute'!$A37) -> 0 | D37: =COUNTIFS('Rekap Invoice'!$G$4:$G$1500, 'Rekap Per Rute'!D$6, 'Rekap Invoice'!$A$4:$A$1500, 'Rekap Per Rute'!$A37) -> 0 | E37: =COUNTIFS('Rekap Invoice'!$G$4:$G$1500, 'Rekap Per Rute'!E$6, 'Rekap Invoice'!$A$4:$A$1500, 'Rekap Per Rute'!$A37) -> 0 | F37: =COUNTIFS('Rekap Invoice'!$G$4:$G$1500, 'Rekap Per Rute'!F$6, 'Rekap Invoice'!$A$4:$A$1500, 'Rekap Per Rute'!$A37) -> 0 | G37: =COUNTIFS('Rekap Invoice'!$G$4:$G$1500, 'Rekap Per Rute'!G$6, 'Rekap Invoice'!$A$4:$A$1500, 'Rekap Per Rute'!$A37) -> 0 | H37: =COUNTIFS('Rekap Invoice'!$G$4:$G$1500, 'Rekap Per Rute'!H$6, 'Rekap Invoice'!$A$4:$A$1500, 'Rekap Per Rute'!$A37) -> 0 | I37: =COUNTIFS('Rekap Invoice'!$G$4:$G$1500, 'Rekap Per Rute'!I$6, 'Rekap Invoice'!$A$4:$A$1500, 'Rekap Per Rute'!$A37) -> 0
A38: Total Rit | B38: =SUM(B7:B37) -> 0 | C38: =SUM(C7:C37) -> 2 | D38: =SUM(D7:D37) -> 0 | E38: =SUM(E7:E37) -> 2 | F38: =SUM(F7:F37) -> 0 | G38: =SUM(G7:G37) -> 0 | H38: =SUM(H7:H37) -> 2 | I38: =SUM(I7:I37) -> 0
A39: Harga Per Rit | B39: 475978 | C39: 708429 | D39: 531145 | E39: 740565 | F39: 886248 | G39: 537318 | H39: 738703 | I39: 882244
A40: Total Rp | B40: =B38*B39 -> 0 | C40: =C38*C39 -> 1416858 | D40: =D38*D39 -> 0 | E40: =E38*E39 -> 1481130 | F40: =F38*F39 -> 0 | G40: =G38*G39 -> 0 | H40: =H38*H39 -> 1477406 | I40: =I38*I39 -> 0
A41: Sub Total | B41: =SUM(B40:I40) -> 4375394
